<?xml version='1.0' encoding='UTF-8' standalone='no'?>
<section xmlns="http://docbook.org/ns/docbook" version="5.0" xmlns:xlink="http://www.w3.org/1999/xlink" xml:id="__stats_8h_source">
<title>Stats.h</title>
<programlisting>00001 <emphasis role="comment">/*</emphasis>
00002 <emphasis role="comment">&#32;*&#32;To&#32;change&#32;this&#32;license&#32;header,&#32;choose&#32;License&#32;Headers&#32;in&#32;Project&#32;Properties.</emphasis>
00003 <emphasis role="comment">&#32;*&#32;To&#32;change&#32;this&#32;template&#32;file,&#32;choose&#32;Tools&#32;|&#32;Templates</emphasis>
00004 <emphasis role="comment">&#32;*&#32;and&#32;open&#32;the&#32;template&#32;in&#32;the&#32;editor.</emphasis>
00005 <emphasis role="comment">&#32;*/</emphasis>
00006 
00007 <emphasis role="comment">/*&#32;</emphasis>
00008 <emphasis role="comment">&#32;*&#32;File:&#32;&#32;&#32;Stats.h</emphasis>
00009 <emphasis role="comment">&#32;*&#32;Author:&#32;Gabrielle</emphasis>
00010 <emphasis role="comment">&#32;*</emphasis>
00011 <emphasis role="comment">&#32;*&#32;Created&#32;on&#32;July&#32;30,&#32;2020,&#32;1:14&#32;PM</emphasis>
00012 <emphasis role="comment">&#32;*/</emphasis>
00013 
00014 <emphasis role="preprocessor">#ifndef&#32;_DIAGRAM_STATS_H</emphasis>
00015 <emphasis role="preprocessor">#define&#32;_DIAGRAM_STATS_H</emphasis>
00016 
00017 <emphasis role="preprocessor">#ifndef&#32;STATS_H</emphasis>
00018 <emphasis role="preprocessor">#define&#32;STATS_H</emphasis>
<anchor xml:id="__stats_8h_source_1l00019"/><link linkend="__stats_8h_1a61e845bc0532143e8d808a9dd0f81b08">00019</link> 
00020 <emphasis role="preprocessor">#include&#32;&lt;string&gt;</emphasis>
00021 <emphasis role="preprocessor">#include&#32;&lt;vector&gt;</emphasis>
00022 <emphasis role="keyword">using&#32;namespace&#32;</emphasis>std;
00023 
00024 <emphasis role="keyword">template</emphasis>&lt;<emphasis role="keyword">class</emphasis>&#32;T&gt;
<anchor xml:id="__stats_8h_source_1l00025"/><link linkend="_class_stats">00025</link> <emphasis role="keyword">class&#32;</emphasis><link linkend="_class_stats">Stats</link>
00026 {
00027 &#32;&#32;&#32;&#32;<emphasis role="keyword">protected</emphasis>:
<anchor xml:id="__stats_8h_source_1l00028"/><link linkend="_class_stats_1ad97a8291ffa012c4bc0bdd8e059e5537">00028</link> &#32;&#32;&#32;&#32;&#32;&#32;&#32;&#32;&#32;&#32;&#32;&#32;<emphasis role="keyword">static</emphasis>&#32;vector&#32;&lt;string&gt;&#32;<link linkend="_class_stats_1ad97a8291ffa012c4bc0bdd8e059e5537">names</link>;
<anchor xml:id="__stats_8h_source_1l00029"/><link linkend="_class_stats_1adac1de891638fb0645b5c63cf2582451">00029</link> &#32;&#32;&#32;&#32;&#32;&#32;&#32;&#32;&#32;&#32;&#32;&#32;<emphasis role="keyword">static</emphasis>&#32;vector&#32;&lt;T&gt;&#32;<link linkend="_class_stats_1adac1de891638fb0645b5c63cf2582451">wins</link>;
<anchor xml:id="__stats_8h_source_1l00030"/><link linkend="_class_stats_1a5f1e6d7fe80b8fe9ceff95e54af484ab">00030</link> &#32;&#32;&#32;&#32;&#32;&#32;&#32;&#32;&#32;&#32;&#32;&#32;<emphasis role="keyword">static</emphasis>&#32;vector&#32;&lt;T&gt;&#32;<link linkend="_class_stats_1a5f1e6d7fe80b8fe9ceff95e54af484ab">losses</link>;
<anchor xml:id="__stats_8h_source_1l00031"/><link linkend="_class_stats_1a0325b8816fe08b31eff6f6d82fd1d2e9">00031</link> &#32;&#32;&#32;&#32;&#32;&#32;&#32;&#32;&#32;&#32;&#32;&#32;T&#32;<link linkend="_class_stats_1a0325b8816fe08b31eff6f6d82fd1d2e9">point</link>;
<anchor xml:id="__stats_8h_source_1l00032"/><link linkend="_class_stats_1a10e4f1d2ac81f33296dca7e24b0e3cbf">00032</link> &#32;&#32;&#32;&#32;&#32;&#32;&#32;&#32;&#32;&#32;&#32;&#32;<emphasis role="keywordtype">int</emphasis>&#32;<link linkend="_class_stats_1a10e4f1d2ac81f33296dca7e24b0e3cbf">update</link>(<emphasis role="keywordtype">string</emphasis>&#32;name,&#32;<emphasis role="keywordtype">bool</emphasis>&#32;win);
00033 &#32;&#32;&#32;&#32;<emphasis role="keyword">public</emphasis>:
<anchor xml:id="__stats_8h_source_1l00034"/><link linkend="_class_stats_1ae1419ec347a13f0407adbb6452af3291">00034</link> &#32;&#32;&#32;&#32;&#32;&#32;&#32;&#32;&#32;&#32;&#32;&#32;<link linkend="_class_stats_1ae1419ec347a13f0407adbb6452af3291">Stats</link>();
<anchor xml:id="__stats_8h_source_1l00035"/><link linkend="_class_stats_1a12f9b68f68c8ab4ad29273da3b404cd7">00035</link> &#32;&#32;&#32;&#32;&#32;&#32;&#32;&#32;&#32;&#32;&#32;&#32;T&#32;<link linkend="_class_stats_1a12f9b68f68c8ab4ad29273da3b404cd7">points</link>(<emphasis role="keywordtype">bool</emphasis>&#32;win);
00036 };
00037 
00038 <emphasis role="keyword">template</emphasis>&#32;&lt;<emphasis role="keyword">class</emphasis>&#32;T&gt;
<anchor xml:id="__stats_8h_source_1l00039"/><link linkend="_class_stats_1ae1419ec347a13f0407adbb6452af3291">00039</link> <link linkend="_class_stats_1ae1419ec347a13f0407adbb6452af3291">Stats&lt;T&gt;::Stats</link>()
00040 {
00041 &#32;&#32;&#32;&#32;point&#32;=&#32;0;
00042 }
00043 
00044 <emphasis role="keyword">template</emphasis>&#32;&lt;<emphasis role="keyword">class</emphasis>&#32;T&gt;
<anchor xml:id="__stats_8h_source_1l00045"/><link linkend="_class_stats_1a10e4f1d2ac81f33296dca7e24b0e3cbf">00045</link> <emphasis role="keywordtype">int</emphasis>&#32;<link linkend="_class_stats_1a10e4f1d2ac81f33296dca7e24b0e3cbf">Stats&lt;T&gt;::update</link>(<emphasis role="keywordtype">string</emphasis>&#32;name,&#32;<emphasis role="keywordtype">bool</emphasis>&#32;win)
00046 {
00047 &#32;&#32;&#32;&#32;<emphasis role="keywordtype">int</emphasis>&#32;i&#32;=&#32;0;
00048 &#32;&#32;&#32;&#32;<emphasis role="keywordflow">while</emphasis>&#32;(i&#32;&lt;&#32;names.size()&amp;&amp;&#32;name!=names.at(i))
00049 &#32;&#32;&#32;&#32;{
00050 &#32;&#32;&#32;&#32;&#32;&#32;&#32;&#32;i++;
00051 &#32;&#32;&#32;&#32;}
00052 &#32;&#32;&#32;&#32;<emphasis role="keywordflow">if</emphasis>&#32;(i==names.size())
00053 &#32;&#32;&#32;&#32;{
00054 &#32;&#32;&#32;&#32;&#32;&#32;&#32;&#32;names.push_back(name);
00055 &#32;&#32;&#32;&#32;&#32;&#32;&#32;&#32;<emphasis role="keywordflow">if</emphasis>(win)
00056 &#32;&#32;&#32;&#32;&#32;&#32;&#32;&#32;{
00057 &#32;&#32;&#32;&#32;&#32;&#32;&#32;&#32;&#32;&#32;&#32;&#32;wins.push_back(1);
00058 &#32;&#32;&#32;&#32;&#32;&#32;&#32;&#32;&#32;&#32;&#32;&#32;losses.push_back(0);
00059 &#32;&#32;&#32;&#32;&#32;&#32;&#32;&#32;}
00060 &#32;&#32;&#32;&#32;&#32;&#32;&#32;&#32;<emphasis role="keywordflow">else</emphasis>
00061 &#32;&#32;&#32;&#32;&#32;&#32;&#32;&#32;{
00062 &#32;&#32;&#32;&#32;&#32;&#32;&#32;&#32;&#32;&#32;&#32;&#32;wins.push_back(0);
00063 &#32;&#32;&#32;&#32;&#32;&#32;&#32;&#32;&#32;&#32;&#32;&#32;losses.push_back(1);
00064 &#32;&#32;&#32;&#32;&#32;&#32;&#32;&#32;}
00065 &#32;&#32;&#32;&#32;}
00066 &#32;&#32;&#32;&#32;<emphasis role="keywordflow">else</emphasis>{
00067 &#32;&#32;&#32;&#32;&#32;&#32;&#32;&#32;<emphasis role="keywordflow">if</emphasis>(win)
00068 &#32;&#32;&#32;&#32;&#32;&#32;&#32;&#32;{
00069 &#32;&#32;&#32;&#32;&#32;&#32;&#32;&#32;&#32;&#32;&#32;&#32;wins.at(i)++;
00070 &#32;&#32;&#32;&#32;&#32;&#32;&#32;&#32;&#32;&#32;&#32;&#32;cout&#32;&lt;&lt;&#32;wins.at(i);
00071 &#32;&#32;&#32;&#32;&#32;&#32;&#32;&#32;}
00072 &#32;&#32;&#32;&#32;&#32;&#32;&#32;&#32;<emphasis role="keywordflow">else</emphasis>
00073 &#32;&#32;&#32;&#32;&#32;&#32;&#32;&#32;{
00074 &#32;&#32;&#32;&#32;&#32;&#32;&#32;&#32;&#32;&#32;&#32;&#32;losses.at(i)++;
00075 &#32;&#32;&#32;&#32;&#32;&#32;&#32;&#32;}
00076 &#32;&#32;&#32;&#32;}
00077 &#32;&#32;&#32;&#32;<emphasis role="keywordflow">return</emphasis>&#32;i;
00078 }
00079 
00080 <emphasis role="keyword">template</emphasis>&lt;<emphasis role="keyword">class</emphasis>&#32;T&gt;
<anchor xml:id="__stats_8h_source_1l00081"/><link linkend="_class_stats_1a12f9b68f68c8ab4ad29273da3b404cd7">00081</link> T&#32;<link linkend="_class_stats_1a12f9b68f68c8ab4ad29273da3b404cd7">Stats&lt;T&gt;::points</link>(<emphasis role="keywordtype">bool</emphasis>&#32;win){
00082 &#32;&#32;&#32;&#32;<emphasis role="keywordflow">if</emphasis>&#32;(win)
00083 &#32;&#32;&#32;&#32;{
00084 &#32;&#32;&#32;&#32;&#32;&#32;&#32;&#32;point++;
00085 &#32;&#32;&#32;&#32;}
00086 &#32;&#32;&#32;&#32;<emphasis role="keywordflow">return</emphasis>&#32;point;
00087 };
00088 
00089 <emphasis role="keyword">template</emphasis>&lt;<emphasis role="keyword">class</emphasis>&#32;T&gt;
00090 vector&lt;string&gt;&#32;<link linkend="_class_stats">Stats&lt;T&gt;::names</link>;
00091 <emphasis role="keyword">template</emphasis>&lt;<emphasis role="keyword">class</emphasis>&#32;T&gt;
00092 vector&lt;T&gt;&#32;<link linkend="_class_stats">Stats&lt;T&gt;::wins</link>;
00093 <emphasis role="keyword">template</emphasis>&lt;<emphasis role="keyword">class</emphasis>&#32;T&gt;
00094 vector&lt;T&gt;&#32;<link linkend="_class_stats">Stats&lt;T&gt;::losses</link>;
00095 
00096 
00097 <emphasis role="preprocessor">#endif&#32;</emphasis><emphasis role="comment">/*&#32;STATS_H&#32;*/</emphasis><emphasis role="preprocessor"></emphasis>
00098 
</programlisting></section>
