<?xml version='1.0' encoding='UTF-8' standalone='no'?>
<section xmlns="http://docbook.org/ns/docbook" version="5.0" xmlns:xlink="http://www.w3.org/1999/xlink" xml:id="__cell_8cpp">
<title>Cell.cpp File Reference</title>
<indexterm><primary>Cell.cpp</primary></indexterm>
<programlisting>#include &quot;Cell.h&quot;
</programlisting>Include dependency graph for Cell.cpp:<para>
    <informalfigure>
        <mediaobject>
            <imageobject>
                <imagedata width="50%" align="center" valign="middle" scalefit="0" fileref="../../d1/d0c/_cell_8cpp__incl.png"></imagedata>
            </imageobject>
        </mediaobject>
    </informalfigure>
</para>
</section>
