<?xml version='1.0' encoding='UTF-8' standalone='no'?>
<section xmlns="http://docbook.org/ns/docbook" version="5.0" xmlns:xlink="http://www.w3.org/1999/xlink" xml:id="_class_player_1_1_bad_mns">
<title>Player::BadMns Class Reference</title>
<indexterm><primary>Player::BadMns</primary></indexterm>
<para>
<computeroutput>#include &lt;Player.h&gt;</computeroutput>
</para>
Collaboration diagram for Player::BadMns:<para>
    <informalfigure>
        <mediaobject>
            <imageobject>
                <imagedata width="50%" align="center" valign="middle" scalefit="0" fileref="../../d4/d5f/class_player_1_1_bad_mns__coll__graph.png"></imagedata>
            </imageobject>
        </mediaobject>
    </informalfigure>
</para>
<section>
<title>Detailed Description</title>
<para>
Definition at line <link linkend="__player_8h_source_1l00060">60</link> of file <link linkend="__player_8h_source">Player.h</link>.</para>
<para>
The documentation for this class was generated from the following file:</para>
<link linkend="__player_8h">Player.h</link></section>
</section>
