<?xml version='1.0' encoding='UTF-8' standalone='no'?>
<section xmlns="http://docbook.org/ns/docbook" version="5.0" xmlns:xlink="http://www.w3.org/1999/xlink" xml:id="__gme_brd_8h">
<title>GmeBrd.h File Reference</title>
<indexterm><primary>GmeBrd.h</primary></indexterm>
<programlisting>#include &lt;iostream&gt;
#include &quot;Cell.h&quot;
</programlisting>Include dependency graph for GmeBrd.h:<para>
    <informalfigure>
        <mediaobject>
            <imageobject>
                <imagedata width="50%" align="center" valign="middle" scalefit="0" fileref="../../df/d19/_gme_brd_8h__incl.png"></imagedata>
            </imageobject>
        </mediaobject>
    </informalfigure>
</para>
This graph shows which files directly or indirectly include this file:<para>
    <informalfigure>
        <mediaobject>
            <imageobject>
                <imagedata width="50%" align="center" valign="middle" scalefit="0" fileref="../../d7/d60/_gme_brd_8h__dep__incl.png"></imagedata>
            </imageobject>
        </mediaobject>
    </informalfigure>
</para>
<simplesect>
    <title>Classes    </title>
        <itemizedlist>
            <listitem><para>class <link linkend="_class_gme_brd">GmeBrd</link></para>
</listitem>
        </itemizedlist>
</simplesect>
</section>
