<?xml version='1.0' encoding='UTF-8' standalone='no'?>
<section xmlns="http://docbook.org/ns/docbook" version="5.0" xmlns:xlink="http://www.w3.org/1999/xlink" xml:id="__ante___gabrielle___project__2_8cpp_source">
<title>Ante_Gabrielle_Project_2.cpp</title>
<programlisting>00001 
00026 <emphasis role="comment">/*&#32;</emphasis>
00027 <emphasis role="comment">&#32;*&#32;File:&#32;&#32;&#32;Ante_Gabrielle_Project_1.cpp</emphasis>
00028 <emphasis role="comment">&#32;*&#32;Author:&#32;Gabrielle</emphasis>
00029 <emphasis role="comment">&#32;*</emphasis>
00030 <emphasis role="comment">&#32;*&#32;Created&#32;on&#32;July&#32;27,&#32;2020,11:58&#32;PM</emphasis>
00031 <emphasis role="comment">&#32;*/</emphasis>
00032 
00033 <emphasis role="preprocessor">#include&#32;&lt;iostream&gt;</emphasis>
00034 <emphasis role="preprocessor">#include&#32;&lt;cstdlib&gt;</emphasis>
00035 <emphasis role="preprocessor">#include&#32;&lt;ctime&gt;</emphasis>
00036 <emphasis role="preprocessor">#include&#32;&lt;iomanip&gt;</emphasis>
00037 <emphasis role="preprocessor">#include&#32;&lt;string&gt;</emphasis>
00038 <emphasis role="preprocessor">#include&#32;&lt;cstring&gt;</emphasis>
00039 <emphasis role="preprocessor">#include&#32;&lt;fstream&gt;</emphasis>
00040 <emphasis role="preprocessor">#include&#32;&quot;<link linkend="__game_8h">Game.h</link>&quot;</emphasis>
00041 <emphasis role="preprocessor">#include&#32;&quot;<link linkend="__cell_8h">Cell.h</link>&quot;</emphasis>
00042 
00043 <emphasis role="keyword">using&#32;namespace&#32;</emphasis>std;
00044 
00045 <emphasis role="comment">/*&#32;</emphasis>
00046 <emphasis role="comment">&#32;*&#32;stats&#32;class,&#32;template</emphasis>
00047 <emphasis role="comment">&#32;*&#32;player&#32;class&#32;from&#32;stats&#32;template</emphasis>
00048 <emphasis role="comment">&#32;*&#32;regex&#32;included</emphasis>
00049 <emphasis role="comment">&#32;*&#32;</emphasis>
00050 <emphasis role="comment">&#32;*&#32;</emphasis>
00051 <emphasis role="comment">&#32;*&#32;seems&#32;InBrd&#32;h&#32;and&#32;InBrd&#32;cpp&#32;are&#32;complete</emphasis>
00052 <emphasis role="comment">&#32;*&#32;seems&#32;Cell.h&#32;and&#32;Cell.cpp&#32;are&#32;complete</emphasis>
00053 <emphasis role="comment">&#32;*&#32;yet&#32;to&#32;finish&#32;OutBrd,&#32;Gme,&#32;GmeBrd&#32;and&#32;Player&#32;h&#32;to&#32;cpp</emphasis>
00054 <emphasis role="comment">&#32;*&#32;next&#32;version:</emphasis>
00055 <emphasis role="comment">&#32;*&#32;compare&#32;to&#32;list&#32;and&#32;add&#32;features/modifications</emphasis>
00056 <emphasis role="comment">&#32;*&#32;ideas&#32;stats&#32;tracking</emphasis>
00057 <emphasis role="comment">&#32;*/</emphasis>
00058 
00059 <emphasis role="keywordtype">bool</emphasis>&#32;<link linkend="__ante___gabrielle___project__2_8cpp_1a6474a3e8ed6ba43cc3617394c045f7a8">reRun</link>();
00060 
<anchor xml:id="__ante___gabrielle___project__2_8cpp_source_1l00061"/><link linkend="__ante___gabrielle___project__2_8cpp_1a3c04138a5bfe5d72780bb7e82a18e627">00061</link> <emphasis role="keywordtype">int</emphasis>&#32;<link linkend="__ante___gabrielle___project__2_8cpp_1a3c04138a5bfe5d72780bb7e82a18e627">main</link>(<emphasis role="keywordtype">int</emphasis>&#32;argc,&#32;<emphasis role="keywordtype">char</emphasis>**&#32;argv)&#32;{
00062 &#32;&#32;&#32;&#32;
00063 &#32;&#32;&#32;&#32;<link linkend="_class_game">Game</link>&#32;ai(<emphasis role="stringliteral">&quot;Minesweeper&quot;</emphasis>,&#32;<emphasis role="stringliteral">&quot;Otto&quot;</emphasis>,7,8,5);
00064 &#32;&#32;&#32;&#32;ai.<link linkend="_class_game_1adc9795bcae2278f21f2510106a68aa4a">aPlay</link>();
00065 &#32;&#32;&#32;
00066 &#32;&#32;&#32;&#32;cout&#32;&lt;&lt;&#32;<emphasis role="stringliteral">&quot;Your&#32;Turn:&quot;</emphasis>&#32;&lt;&lt;&#32;endl&#32;&lt;&lt;&#32;endl;
00067 &#32;&#32;&#32;&#32;<link linkend="_class_game">Game</link>&#32;a(<emphasis role="stringliteral">&quot;Minesweeper&quot;</emphasis>);
00068 &#32;&#32;&#32;&#32;<link linkend="_class_game">Game</link>&#32;g&#32;=&#32;a;
00069 &#32;&#32;&#32;&#32;<emphasis role="keywordflow">do</emphasis>{
00070 &#32;&#32;&#32;&#32;&#32;&#32;&#32;&#32;g.<link linkend="_class_game_1aa333825d0bca80e91e53c7e23f053405">play</link>();
00071 &#32;&#32;&#32;&#32;}<emphasis role="keywordflow">while</emphasis>(<link linkend="__ante___gabrielle___project__2_8cpp_1a6474a3e8ed6ba43cc3617394c045f7a8">reRun</link>());
00072 &#32;&#32;
00073 &#32;&#32;&#32;&#32;<emphasis role="keywordflow">return</emphasis>&#32;0;
00074 }
00075 
<anchor xml:id="__ante___gabrielle___project__2_8cpp_source_1l00076"/><link linkend="__ante___gabrielle___project__2_8cpp_1a6474a3e8ed6ba43cc3617394c045f7a8">00076</link> <emphasis role="keywordtype">bool</emphasis>&#32;<link linkend="__ante___gabrielle___project__2_8cpp_1a6474a3e8ed6ba43cc3617394c045f7a8">reRun</link>()&#32;{
00077 &#32;&#32;&#32;&#32;<emphasis role="keywordtype">char</emphasis>&#32;choice&#32;=&#32;<emphasis role="charliteral">&apos;&#32;&apos;</emphasis>;
00078 &#32;&#32;&#32;&#32;<emphasis role="keywordflow">do</emphasis>&#32;{
00079 &#32;&#32;&#32;&#32;&#32;&#32;&#32;&#32;cout&#32;&lt;&lt;&#32;<emphasis role="stringliteral">&quot;Would&#32;you&#32;like&#32;to&#32;play&#32;again?&#32;[Y/N]&quot;</emphasis>&#32;&lt;&lt;&#32;endl;
00080 &#32;&#32;&#32;&#32;&#32;&#32;&#32;&#32;cin&#32;&gt;&gt;&#32;choice;
00081 &#32;&#32;&#32;&#32;}&#32;<emphasis role="keywordflow">while</emphasis>&#32;(toupper(choice)&#32;!=<emphasis role="charliteral">&apos;Y&apos;</emphasis>&#32;&amp;&amp;&#32;toupper(choice)&#32;!=<emphasis role="charliteral">&apos;N&apos;</emphasis>);
00082 &#32;&#32;&#32;&#32;
00083 &#32;&#32;&#32;&#32;<emphasis role="keywordflow">if</emphasis>&#32;(toupper(choice)&#32;==<emphasis role="charliteral">&apos;Y&apos;</emphasis>)
00084 &#32;&#32;&#32;&#32;{
00085 &#32;&#32;&#32;&#32;&#32;&#32;&#32;&#32;<emphasis role="keywordflow">return</emphasis>&#32;<emphasis role="keyword">true</emphasis>;
00086 &#32;&#32;&#32;&#32;}
00087 &#32;&#32;&#32;&#32;<emphasis role="keywordflow">else</emphasis>&#32;{
00088 &#32;&#32;&#32;&#32;&#32;&#32;&#32;&#32;<emphasis role="keywordflow">return</emphasis>&#32;<emphasis role="keyword">false</emphasis>;
00089 &#32;&#32;&#32;&#32;}
00090 }
00091 
</programlisting></section>
