<?xml version='1.0' encoding='UTF-8' standalone='no'?>
<section xmlns="http://docbook.org/ns/docbook" version="5.0" xmlns:xlink="http://www.w3.org/1999/xlink" xml:id="__in_brd_8cpp">
<title>InBrd.cpp File Reference</title>
<indexterm><primary>InBrd.cpp</primary></indexterm>
<programlisting>#include &lt;iostream&gt;
#include &lt;iomanip&gt;
#include &lt;cstdlib&gt;
#include &lt;ctime&gt;
#include &quot;GmeBrd.h&quot;
#include &quot;InBrd.h&quot;
#include &quot;OutBrd.h&quot;
#include &quot;Cell.h&quot;
</programlisting>Include dependency graph for InBrd.cpp:<para>
    <informalfigure>
        <mediaobject>
            <imageobject>
                <imagedata width="50%" align="center" valign="middle" scalefit="0" fileref="../../da/da4/_in_brd_8cpp__incl.png"></imagedata>
            </imageobject>
        </mediaobject>
    </informalfigure>
</para>
</section>
