<?xml version='1.0' encoding='UTF-8' standalone='no'?>
<section xmlns="http://docbook.org/ns/docbook" version="5.0" xmlns:xlink="http://www.w3.org/1999/xlink" xml:id="_class_gme_brd">
<title>GmeBrd Class Reference</title>
<indexterm><primary>GmeBrd</primary></indexterm>
<para>
<computeroutput>#include &lt;GmeBrd.h&gt;</computeroutput>
</para>
Inheritance diagram for GmeBrd:<para>
    <informalfigure>
        <mediaobject>
            <imageobject>
                <imagedata width="50%" align="center" valign="middle" scalefit="0" fileref="../../dd/dfc/class_gme_brd__inherit__graph.png"></imagedata>
            </imageobject>
        </mediaobject>
    </informalfigure>
</para>
Collaboration diagram for GmeBrd:<para>
    <informalfigure>
        <mediaobject>
            <imageobject>
                <imagedata width="50%" align="center" valign="middle" scalefit="0" fileref="../../d3/d9e/class_gme_brd__coll__graph.png"></imagedata>
            </imageobject>
        </mediaobject>
    </informalfigure>
</para>
<simplesect>
    <title>Public Member Functions    </title>
        <itemizedlist>
            <listitem><para><link linkend="_class_gme_brd_1a2920499850a4d6e438c2c12154bbd055">GmeBrd</link> ()</para>
</listitem>
            <listitem><para><link linkend="_class_gme_brd_1a9654654686735311aef97d49d37911bd">GmeBrd</link> (int r, int cl, int m)</para>
</listitem>
            <listitem><para><link linkend="_class_gme_brd_1a37d4716b5f4f495cd0d8b2b221b74e61">~GmeBrd</link> ()</para>
</listitem>
            <listitem><para>int <link linkend="_class_gme_brd_1a88556cfcca500806e96f998fee5a84e1">getRow</link> () const</para>
</listitem>
            <listitem><para>int <link linkend="_class_gme_brd_1a278e6bf2a51f6ff7fa5b81fcbbb33471">getCol</link> () const</para>
</listitem>
            <listitem><para>int <link linkend="_class_gme_brd_1accbce40e77b3a158eb8f6ed0378cc744">getMine</link> () const</para>
</listitem>
            <listitem><para>void <link linkend="_class_gme_brd_1a279ed4807b7864824f79a6e7dce87d6f">setRow</link> (int a)</para>
</listitem>
            <listitem><para>void <link linkend="_class_gme_brd_1ac9b58f005fbf43fef04596ebace1082e">setCol</link> (int a)</para>
</listitem>
            <listitem><para>void <link linkend="_class_gme_brd_1a08d5eda4c06a310c868668994c5d47b2">setMine</link> (int a)</para>
</listitem>
            <listitem><para>virtual void <link linkend="_class_gme_brd_1a5b068f96bc311c6d2e7b1f7e2d5fe4e0">dspBrd</link> ()=0</para>
</listitem>
        </itemizedlist>
</simplesect>
<simplesect>
    <title>Static Protected Attributes    </title>
        <itemizedlist>
            <listitem><para>static int <link linkend="_class_gme_brd_1ad5835d62cf112b2687a577c8c3915307">row</link></para>
</listitem>
            <listitem><para>static int <link linkend="_class_gme_brd_1add7a2f883bd9dbb4d70609536c1c3655">col</link></para>
</listitem>
            <listitem><para>static int <link linkend="_class_gme_brd_1a380ced78a97eb23602ed3868eacff11c">mine</link></para>
</listitem>
        </itemizedlist>
</simplesect>
<simplesect>
    <title>Private Attributes    </title>
        <itemizedlist>
            <listitem><para><link linkend="_class_cell">Cell</link> ** <link linkend="_class_gme_brd_1aaecbdf613b29d5de293b100b52083e62">c</link></para>
</listitem>
        </itemizedlist>
</simplesect>
<section>
<title>Detailed Description</title>
<para>
Definition at line <link linkend="__gme_brd_8h_source_1l00022">22</link> of file <link linkend="__gme_brd_8h_source">GmeBrd.h</link>.</para>
</section>
<section>
<title>Constructor &amp; Destructor Documentation</title>
<anchor xml:id="_class_gme_brd_1a2920499850a4d6e438c2c12154bbd055"/>    <section>
    <title>GmeBrd()<computeroutput>[1/2]</computeroutput></title>
<indexterm><primary>GmeBrd</primary><secondary>GmeBrd</secondary></indexterm>
<indexterm><primary>GmeBrd</primary><secondary>GmeBrd</secondary></indexterm>
<para><computeroutput>GmeBrd::GmeBrd ( )<computeroutput>[inline]</computeroutput></computeroutput></para><para>
Definition at line <link linkend="__gme_brd_8h_source_1l00029">29</link> of file <link linkend="__gme_brd_8h_source">GmeBrd.h</link>.</para>
    </section><anchor xml:id="_class_gme_brd_1a9654654686735311aef97d49d37911bd"/>    <section>
    <title>GmeBrd()<computeroutput>[2/2]</computeroutput></title>
<indexterm><primary>GmeBrd</primary><secondary>GmeBrd</secondary></indexterm>
<indexterm><primary>GmeBrd</primary><secondary>GmeBrd</secondary></indexterm>
<para><computeroutput>GmeBrd::GmeBrd (int r, int cl, int m)<computeroutput>[inline]</computeroutput></computeroutput></para><para>
Definition at line <link linkend="__gme_brd_8h_source_1l00040">40</link> of file <link linkend="__gme_brd_8h_source">GmeBrd.h</link>.</para>
    </section><anchor xml:id="_class_gme_brd_1a37d4716b5f4f495cd0d8b2b221b74e61"/>    <section>
    <title>~GmeBrd()</title>
<indexterm><primary>~GmeBrd</primary><secondary>GmeBrd</secondary></indexterm>
<indexterm><primary>GmeBrd</primary><secondary>~GmeBrd</secondary></indexterm>
<para><computeroutput>GmeBrd::~GmeBrd ( )<computeroutput>[inline]</computeroutput></computeroutput></para><para>
Definition at line <link linkend="__gme_brd_8h_source_1l00051">51</link> of file <link linkend="__gme_brd_8h_source">GmeBrd.h</link>.</para>
</section>
</section>
<section>
<title>Member Function Documentation</title>
<anchor xml:id="_class_gme_brd_1a5b068f96bc311c6d2e7b1f7e2d5fe4e0"/>    <section>
    <title>dspBrd()</title>
<indexterm><primary>dspBrd</primary><secondary>GmeBrd</secondary></indexterm>
<indexterm><primary>GmeBrd</primary><secondary>dspBrd</secondary></indexterm>
<para><computeroutput>virtual void GmeBrd::dspBrd ( )<computeroutput>[pure virtual]</computeroutput></computeroutput></para><para>
Implemented in <link linkend="_class_out_brd_1a07ad712503dc56ce0c4a94b625c4780a">OutBrd</link>, and <link linkend="_class_in_brd_1aa6d18ae85e12c4315b32f79830ab7719">InBrd</link>.</para>
<para>
Referenced by <link linkend="__game_8h_source_1l00118">Game::play()</link>.</para>
Here is the caller graph for this function:<para>
    <informalfigure>
        <mediaobject>
            <imageobject>
                <imagedata width="50%" align="center" valign="middle" scalefit="0" fileref="../../d7/d12/class_gme_brd_a5b068f96bc311c6d2e7b1f7e2d5fe4e0_icgraph.png"></imagedata>
            </imageobject>
        </mediaobject>
    </informalfigure>
</para>
    </section><anchor xml:id="_class_gme_brd_1a278e6bf2a51f6ff7fa5b81fcbbb33471"/>    <section>
    <title>getCol()</title>
<indexterm><primary>getCol</primary><secondary>GmeBrd</secondary></indexterm>
<indexterm><primary>GmeBrd</primary><secondary>getCol</secondary></indexterm>
<para><computeroutput>int GmeBrd::getCol ( ) const<computeroutput>[inline]</computeroutput></computeroutput></para><para>
Definition at line <link linkend="__gme_brd_8h_source_1l00057">57</link> of file <link linkend="__gme_brd_8h_source">GmeBrd.h</link>.</para>
    </section><anchor xml:id="_class_gme_brd_1accbce40e77b3a158eb8f6ed0378cc744"/>    <section>
    <title>getMine()</title>
<indexterm><primary>getMine</primary><secondary>GmeBrd</secondary></indexterm>
<indexterm><primary>GmeBrd</primary><secondary>getMine</secondary></indexterm>
<para><computeroutput>int GmeBrd::getMine ( ) const<computeroutput>[inline]</computeroutput></computeroutput></para><para>
Definition at line <link linkend="__gme_brd_8h_source_1l00058">58</link> of file <link linkend="__gme_brd_8h_source">GmeBrd.h</link>.</para>
<para>
Referenced by <link linkend="__out_brd_8h_source_1l00058">OutBrd::win()</link>.</para>
Here is the caller graph for this function:<para>
    <informalfigure>
        <mediaobject>
            <imageobject>
                <imagedata width="50%" align="center" valign="middle" scalefit="0" fileref="../../d7/d12/class_gme_brd_accbce40e77b3a158eb8f6ed0378cc744_icgraph.png"></imagedata>
            </imageobject>
        </mediaobject>
    </informalfigure>
</para>
    </section><anchor xml:id="_class_gme_brd_1a88556cfcca500806e96f998fee5a84e1"/>    <section>
    <title>getRow()</title>
<indexterm><primary>getRow</primary><secondary>GmeBrd</secondary></indexterm>
<indexterm><primary>GmeBrd</primary><secondary>getRow</secondary></indexterm>
<para><computeroutput>int GmeBrd::getRow ( ) const<computeroutput>[inline]</computeroutput></computeroutput></para><para>
Definition at line <link linkend="__gme_brd_8h_source_1l00056">56</link> of file <link linkend="__gme_brd_8h_source">GmeBrd.h</link>.</para>
    </section><anchor xml:id="_class_gme_brd_1ac9b58f005fbf43fef04596ebace1082e"/>    <section>
    <title>setCol()</title>
<indexterm><primary>setCol</primary><secondary>GmeBrd</secondary></indexterm>
<indexterm><primary>GmeBrd</primary><secondary>setCol</secondary></indexterm>
<para><computeroutput>void GmeBrd::setCol (int a)<computeroutput>[inline]</computeroutput></computeroutput></para><para>
Definition at line <link linkend="__gme_brd_8h_source_1l00061">61</link> of file <link linkend="__gme_brd_8h_source">GmeBrd.h</link>.</para>
<para>
Referenced by <link linkend="__game_8h_source_1l00081">Game::Game()</link>, and <link linkend="__game_8h_source_1l00036">Game::setUp()</link>.</para>
Here is the caller graph for this function:<para>
    <informalfigure>
        <mediaobject>
            <imageobject>
                <imagedata width="50%" align="center" valign="middle" scalefit="0" fileref="../../d7/d12/class_gme_brd_ac9b58f005fbf43fef04596ebace1082e_icgraph.png"></imagedata>
            </imageobject>
        </mediaobject>
    </informalfigure>
</para>
    </section><anchor xml:id="_class_gme_brd_1a08d5eda4c06a310c868668994c5d47b2"/>    <section>
    <title>setMine()</title>
<indexterm><primary>setMine</primary><secondary>GmeBrd</secondary></indexterm>
<indexterm><primary>GmeBrd</primary><secondary>setMine</secondary></indexterm>
<para><computeroutput>void GmeBrd::setMine (int a)<computeroutput>[inline]</computeroutput></computeroutput></para><para>
Definition at line <link linkend="__gme_brd_8h_source_1l00062">62</link> of file <link linkend="__gme_brd_8h_source">GmeBrd.h</link>.</para>
<para>
Referenced by <link linkend="__game_8h_source_1l00081">Game::Game()</link>, and <link linkend="__game_8h_source_1l00036">Game::setUp()</link>.</para>
Here is the caller graph for this function:<para>
    <informalfigure>
        <mediaobject>
            <imageobject>
                <imagedata width="50%" align="center" valign="middle" scalefit="0" fileref="../../d7/d12/class_gme_brd_a08d5eda4c06a310c868668994c5d47b2_icgraph.png"></imagedata>
            </imageobject>
        </mediaobject>
    </informalfigure>
</para>
    </section><anchor xml:id="_class_gme_brd_1a279ed4807b7864824f79a6e7dce87d6f"/>    <section>
    <title>setRow()</title>
<indexterm><primary>setRow</primary><secondary>GmeBrd</secondary></indexterm>
<indexterm><primary>GmeBrd</primary><secondary>setRow</secondary></indexterm>
<para><computeroutput>void GmeBrd::setRow (int a)<computeroutput>[inline]</computeroutput></computeroutput></para><para>
Definition at line <link linkend="__gme_brd_8h_source_1l00060">60</link> of file <link linkend="__gme_brd_8h_source">GmeBrd.h</link>.</para>
<para>
Referenced by <link linkend="__game_8h_source_1l00081">Game::Game()</link>, and <link linkend="__game_8h_source_1l00036">Game::setUp()</link>.</para>
Here is the caller graph for this function:<para>
    <informalfigure>
        <mediaobject>
            <imageobject>
                <imagedata width="50%" align="center" valign="middle" scalefit="0" fileref="../../d7/d12/class_gme_brd_a279ed4807b7864824f79a6e7dce87d6f_icgraph.png"></imagedata>
            </imageobject>
        </mediaobject>
    </informalfigure>
</para>
</section>
</section>
<section>
<title>Member Data Documentation</title>
<anchor xml:id="_class_gme_brd_1aaecbdf613b29d5de293b100b52083e62"/>    <section>
    <title>c</title>
<indexterm><primary>c</primary><secondary>GmeBrd</secondary></indexterm>
<indexterm><primary>GmeBrd</primary><secondary>c</secondary></indexterm>
<para><computeroutput><link linkend="_class_cell">Cell</link>** GmeBrd::c<computeroutput>[private]</computeroutput></computeroutput></para><para>
Definition at line <link linkend="__gme_brd_8h_source_1l00024">24</link> of file <link linkend="__gme_brd_8h_source">GmeBrd.h</link>.</para>
<para>
Referenced by <link linkend="__out_brd_8h_source_1l00077">OutBrd::ckFlg()</link>, <link linkend="__out_brd_8h_source_1l00037">OutBrd::flag()</link>, <link linkend="__out_brd_8h_source_1l00034">OutBrd::reveal()</link>, <link linkend="__out_brd_8h_source_1l00043">OutBrd::spcOpn()</link>, and <link linkend="__out_brd_8h_source_1l00040">OutBrd::unflag()</link>.</para>
    </section><anchor xml:id="_class_gme_brd_1add7a2f883bd9dbb4d70609536c1c3655"/>    <section>
    <title>col</title>
<indexterm><primary>col</primary><secondary>GmeBrd</secondary></indexterm>
<indexterm><primary>GmeBrd</primary><secondary>col</secondary></indexterm>
<para><computeroutput>int GmeBrd::col<computeroutput>[static]</computeroutput>, <computeroutput>[protected]</computeroutput></computeroutput></para><para>
Definition at line <link linkend="__gme_brd_8h_source_1l00026">26</link> of file <link linkend="__gme_brd_8h_source">GmeBrd.h</link>.</para>
<para>
Referenced by <link linkend="__out_brd_8h_source_1l00082">OutBrd::fRemain()</link>, and <link linkend="__out_brd_8h_source_1l00058">OutBrd::win()</link>.</para>
    </section><anchor xml:id="_class_gme_brd_1a380ced78a97eb23602ed3868eacff11c"/>    <section>
    <title>mine</title>
<indexterm><primary>mine</primary><secondary>GmeBrd</secondary></indexterm>
<indexterm><primary>GmeBrd</primary><secondary>mine</secondary></indexterm>
<para><computeroutput>int GmeBrd::mine<computeroutput>[static]</computeroutput>, <computeroutput>[protected]</computeroutput></computeroutput></para><para>
Definition at line <link linkend="__gme_brd_8h_source_1l00026">26</link> of file <link linkend="__gme_brd_8h_source">GmeBrd.h</link>.</para>
<para>
Referenced by <link linkend="__out_brd_8h_source_1l00082">OutBrd::fRemain()</link>.</para>
    </section><anchor xml:id="_class_gme_brd_1ad5835d62cf112b2687a577c8c3915307"/>    <section>
    <title>row</title>
<indexterm><primary>row</primary><secondary>GmeBrd</secondary></indexterm>
<indexterm><primary>GmeBrd</primary><secondary>row</secondary></indexterm>
<para><computeroutput>int GmeBrd::row<computeroutput>[static]</computeroutput>, <computeroutput>[protected]</computeroutput></computeroutput></para><para>
Definition at line <link linkend="__gme_brd_8h_source_1l00026">26</link> of file <link linkend="__gme_brd_8h_source">GmeBrd.h</link>.</para>
<para>
Referenced by <link linkend="__out_brd_8h_source_1l00082">OutBrd::fRemain()</link>, and <link linkend="__out_brd_8h_source_1l00058">OutBrd::win()</link>.</para>
</section>
<para>
The documentation for this class was generated from the following files:</para>
<link linkend="__gme_brd_8h">GmeBrd.h</link><link linkend="__in_brd_8cpp">InBrd.cpp</link></section>
</section>
