<?xml version='1.0' encoding='UTF-8' standalone='no'?>
<section xmlns="http://docbook.org/ns/docbook" version="5.0" xmlns:xlink="http://www.w3.org/1999/xlink" xml:id="__in_brd_8h">
<title>InBrd.h File Reference</title>
<indexterm><primary>InBrd.h</primary></indexterm>
<programlisting>#include &lt;iostream&gt;
#include &lt;iomanip&gt;
#include &lt;cstdlib&gt;
#include &lt;ctime&gt;
#include &quot;GmeBrd.h&quot;
#include &quot;InBrd.h&quot;
#include &quot;OutBrd.h&quot;
</programlisting>Include dependency graph for InBrd.h:<para>
    <informalfigure>
        <mediaobject>
            <imageobject>
                <imagedata width="50%" align="center" valign="middle" scalefit="0" fileref="../../dd/d05/_in_brd_8h__incl.png"></imagedata>
            </imageobject>
        </mediaobject>
    </informalfigure>
</para>
This graph shows which files directly or indirectly include this file:<para>
    <informalfigure>
        <mediaobject>
            <imageobject>
                <imagedata width="50%" align="center" valign="middle" scalefit="0" fileref="../../d6/d44/_in_brd_8h__dep__incl.png"></imagedata>
            </imageobject>
        </mediaobject>
    </informalfigure>
</para>
<simplesect>
    <title>Classes    </title>
        <itemizedlist>
            <listitem><para>class <link linkend="_class_in_brd">InBrd</link></para>
</listitem>
        </itemizedlist>
</simplesect>
</section>
