<?xml version='1.0' encoding='UTF-8' standalone='no'?>
<section xmlns="http://docbook.org/ns/docbook" version="5.0" xmlns:xlink="http://www.w3.org/1999/xlink" xml:id="_class_out_brd">
<title>OutBrd Class Reference</title>
<indexterm><primary>OutBrd</primary></indexterm>
<para>
<computeroutput>#include &lt;OutBrd.h&gt;</computeroutput>
</para>
Inheritance diagram for OutBrd:<para>
    <informalfigure>
        <mediaobject>
            <imageobject>
                <imagedata width="50%" align="center" valign="middle" scalefit="0" fileref="../../d4/dbc/class_out_brd__inherit__graph.png"></imagedata>
            </imageobject>
        </mediaobject>
    </informalfigure>
</para>
Collaboration diagram for OutBrd:<para>
    <informalfigure>
        <mediaobject>
            <imageobject>
                <imagedata width="50%" align="center" valign="middle" scalefit="0" fileref="../../dc/d9e/class_out_brd__coll__graph.png"></imagedata>
            </imageobject>
        </mediaobject>
    </informalfigure>
</para>
<simplesect>
    <title>Public Member Functions    </title>
        <itemizedlist>
            <listitem><para><link linkend="_class_out_brd_1ad5af3e2f29a5e6a8f558ff2834aec12d">OutBrd</link> ()</para>
</listitem>
            <listitem><para>void <link linkend="_class_out_brd_1a0af7ee8eef4871714011bc8f4e9971a6">rdBrd</link> (<link linkend="_class_in_brd">InBrd</link> &amp;a)</para>
</listitem>
            <listitem><para>void <link linkend="_class_out_brd_1a4c07c984330c7d56eacb3154f41b731a">reveal</link> (int r, int <link linkend="_class_gme_brd_1aaecbdf613b29d5de293b100b52083e62">c</link>)</para>
</listitem>
            <listitem><para>void <link linkend="_class_out_brd_1aae382b8a171780c274e67a49328ef4d5">flag</link> (int r, int <link linkend="_class_gme_brd_1aaecbdf613b29d5de293b100b52083e62">c</link>)</para>
</listitem>
            <listitem><para>void <link linkend="_class_out_brd_1ab33baa2658c6ccd009b3043fe389d0c4">unflag</link> (int r, int <link linkend="_class_gme_brd_1aaecbdf613b29d5de293b100b52083e62">c</link>)</para>
</listitem>
            <listitem><para>bool <link linkend="_class_out_brd_1af35a0c9f121c0b2dddf81e88304343b7">spcOpn</link> (int r, int <link linkend="_class_gme_brd_1aaecbdf613b29d5de293b100b52083e62">c</link>)</para>
</listitem>
            <listitem><para>bool <link linkend="_class_out_brd_1af608ac43b10bea381e951393c1b2c9e9">loss</link> (int r, int <link linkend="_class_gme_brd_1aaecbdf613b29d5de293b100b52083e62">c</link>)</para>
</listitem>
            <listitem><para>bool <link linkend="_class_out_brd_1a3b1441409df7b1460bdc5b57734b1064">win</link> (int r, int <link linkend="_class_gme_brd_1aaecbdf613b29d5de293b100b52083e62">c</link>)</para>
</listitem>
            <listitem><para>bool <link linkend="_class_out_brd_1aa92302a7d20fb2e20522e37ed48be906">ckFlg</link> (int r, int <link linkend="_class_gme_brd_1aaecbdf613b29d5de293b100b52083e62">c</link>)</para>
</listitem>
            <listitem><para>bool <link linkend="_class_out_brd_1a80ed53ea4a4ae752786cdc729cb4838f">chkClr</link> (int r, int <link linkend="_class_gme_brd_1aaecbdf613b29d5de293b100b52083e62">c</link>)</para>
</listitem>
            <listitem><para>void <link linkend="_class_out_brd_1a82fca8e5252ad0300a663f07d2c8783d">clear</link> (int r, int <link linkend="_class_gme_brd_1aaecbdf613b29d5de293b100b52083e62">c</link>)</para>
</listitem>
            <listitem><para>int <link linkend="_class_out_brd_1aa9ac410197c494be9af5aa806fcf6ce1">fRemain</link> ()</para>
</listitem>
            <listitem><para>virtual void <link linkend="_class_out_brd_1a07ad712503dc56ce0c4a94b625c4780a">dspBrd</link> ()</para>
</listitem>
        </itemizedlist>
</simplesect>
<simplesect>
    <title>Private Attributes    </title>
        <itemizedlist>
            <listitem><para><link linkend="_class_cell">Cell</link> ** <link linkend="_class_out_brd_1a433ae12184330fe2b4ee5b89b4322eb7">cell</link></para>
</listitem>
        </itemizedlist>
</simplesect>
<simplesect>
    <title>Additional Inherited Members    </title>
</simplesect>
<section>
<title>Detailed Description</title>
<para>
Definition at line <link linkend="__out_brd_8h_source_1l00022">22</link> of file <link linkend="__out_brd_8h_source">OutBrd.h</link>.</para>
</section>
<section>
<title>Constructor &amp; Destructor Documentation</title>
<anchor xml:id="_class_out_brd_1ad5af3e2f29a5e6a8f558ff2834aec12d"/>    <section>
    <title>OutBrd()</title>
<indexterm><primary>OutBrd</primary><secondary>OutBrd</secondary></indexterm>
<indexterm><primary>OutBrd</primary><secondary>OutBrd</secondary></indexterm>
<para><computeroutput>OutBrd::OutBrd ( )<computeroutput>[inline]</computeroutput></computeroutput></para><para>
Definition at line <link linkend="__out_brd_8h_source_1l00029">29</link> of file <link linkend="__out_brd_8h_source">OutBrd.h</link>.</para>
</section>
</section>
<section>
<title>Member Function Documentation</title>
<anchor xml:id="_class_out_brd_1a80ed53ea4a4ae752786cdc729cb4838f"/>    <section>
    <title>chkClr()</title>
<indexterm><primary>chkClr</primary><secondary>OutBrd</secondary></indexterm>
<indexterm><primary>OutBrd</primary><secondary>chkClr</secondary></indexterm>
<para><computeroutput>bool OutBrd::chkClr (int r, int c)</computeroutput></para><para>
Definition at line <link linkend="__out_brd_8cpp_source_1l00059">59</link> of file <link linkend="__out_brd_8cpp_source">OutBrd.cpp</link>.</para>
<para>
Referenced by <link linkend="__game_8h_source_1l00154">Game::aPlay()</link>, and <link linkend="__game_8h_source_1l00118">Game::play()</link>.</para>
Here is the caller graph for this function:<para>
    <informalfigure>
        <mediaobject>
            <imageobject>
                <imagedata width="50%" align="center" valign="middle" scalefit="0" fileref="../../d0/df1/class_out_brd_a80ed53ea4a4ae752786cdc729cb4838f_icgraph.png"></imagedata>
            </imageobject>
        </mediaobject>
    </informalfigure>
</para>
    </section><anchor xml:id="_class_out_brd_1aa92302a7d20fb2e20522e37ed48be906"/>    <section>
    <title>ckFlg()</title>
<indexterm><primary>ckFlg</primary><secondary>OutBrd</secondary></indexterm>
<indexterm><primary>OutBrd</primary><secondary>ckFlg</secondary></indexterm>
<para><computeroutput>bool OutBrd::ckFlg (int r, int c)<computeroutput>[inline]</computeroutput></computeroutput></para><para>
Definition at line <link linkend="__out_brd_8h_source_1l00077">77</link> of file <link linkend="__out_brd_8h_source">OutBrd.h</link>.</para>
<para>
References <link linkend="__gme_brd_8h_source_1l00024">GmeBrd::c</link>, <link linkend="__out_brd_8h_source_1l00025">cell</link>, and <link linkend="__cell_8h_source_1l00046">Cell::getFlgd()</link>.</para>
<para>
Referenced by <link linkend="__game_8h_source_1l00154">Game::aPlay()</link>, and <link linkend="__game_8h_source_1l00118">Game::play()</link>.</para>
Here is the call graph for this function:<para>
    <informalfigure>
        <mediaobject>
            <imageobject>
                <imagedata width="50%" align="center" valign="middle" scalefit="0" fileref="../../d0/df1/class_out_brd_aa92302a7d20fb2e20522e37ed48be906_cgraph.png"></imagedata>
            </imageobject>
        </mediaobject>
    </informalfigure>
</para>
Here is the caller graph for this function:<para>
    <informalfigure>
        <mediaobject>
            <imageobject>
                <imagedata width="50%" align="center" valign="middle" scalefit="0" fileref="../../d0/df1/class_out_brd_aa92302a7d20fb2e20522e37ed48be906_icgraph.png"></imagedata>
            </imageobject>
        </mediaobject>
    </informalfigure>
</para>
    </section><anchor xml:id="_class_out_brd_1a82fca8e5252ad0300a663f07d2c8783d"/>    <section>
    <title>clear()</title>
<indexterm><primary>clear</primary><secondary>OutBrd</secondary></indexterm>
<indexterm><primary>OutBrd</primary><secondary>clear</secondary></indexterm>
<para><computeroutput>void OutBrd::clear (int r, int c)</computeroutput></para><para>
Definition at line <link linkend="__out_brd_8cpp_source_1l00070">70</link> of file <link linkend="__out_brd_8cpp_source">OutBrd.cpp</link>.</para>
<para>
Referenced by <link linkend="__game_8h_source_1l00154">Game::aPlay()</link>, and <link linkend="__game_8h_source_1l00118">Game::play()</link>.</para>
Here is the caller graph for this function:<para>
    <informalfigure>
        <mediaobject>
            <imageobject>
                <imagedata width="50%" align="center" valign="middle" scalefit="0" fileref="../../d0/df1/class_out_brd_a82fca8e5252ad0300a663f07d2c8783d_icgraph.png"></imagedata>
            </imageobject>
        </mediaobject>
    </informalfigure>
</para>
    </section><anchor xml:id="_class_out_brd_1a07ad712503dc56ce0c4a94b625c4780a"/>    <section>
    <title>dspBrd()</title>
<indexterm><primary>dspBrd</primary><secondary>OutBrd</secondary></indexterm>
<indexterm><primary>OutBrd</primary><secondary>dspBrd</secondary></indexterm>
<para><computeroutput>void OutBrd::dspBrd ( )<computeroutput>[virtual]</computeroutput></computeroutput></para><para>
Implements <link linkend="_class_gme_brd_1a5b068f96bc311c6d2e7b1f7e2d5fe4e0">GmeBrd</link>.</para>
<para>
Definition at line <link linkend="__out_brd_8cpp_source_1l00020">20</link> of file <link linkend="__out_brd_8cpp_source">OutBrd.cpp</link>.</para>
<para>
Referenced by <link linkend="__game_8h_source_1l00154">Game::aPlay()</link>, and <link linkend="__game_8h_source_1l00118">Game::play()</link>.</para>
Here is the caller graph for this function:<para>
    <informalfigure>
        <mediaobject>
            <imageobject>
                <imagedata width="50%" align="center" valign="middle" scalefit="0" fileref="../../d0/df1/class_out_brd_a07ad712503dc56ce0c4a94b625c4780a_icgraph.png"></imagedata>
            </imageobject>
        </mediaobject>
    </informalfigure>
</para>
    </section><anchor xml:id="_class_out_brd_1aae382b8a171780c274e67a49328ef4d5"/>    <section>
    <title>flag()</title>
<indexterm><primary>flag</primary><secondary>OutBrd</secondary></indexterm>
<indexterm><primary>OutBrd</primary><secondary>flag</secondary></indexterm>
<para><computeroutput>void OutBrd::flag (int r, int c)<computeroutput>[inline]</computeroutput></computeroutput></para><para>
Definition at line <link linkend="__out_brd_8h_source_1l00037">37</link> of file <link linkend="__out_brd_8h_source">OutBrd.h</link>.</para>
<para>
References <link linkend="__gme_brd_8h_source_1l00024">GmeBrd::c</link>, <link linkend="__out_brd_8h_source_1l00025">cell</link>, and <link linkend="__cell_8h_source_1l00037">Cell::setFlgd()</link>.</para>
<para>
Referenced by <link linkend="__game_8h_source_1l00154">Game::aPlay()</link>, and <link linkend="__game_8h_source_1l00118">Game::play()</link>.</para>
Here is the call graph for this function:<para>
    <informalfigure>
        <mediaobject>
            <imageobject>
                <imagedata width="50%" align="center" valign="middle" scalefit="0" fileref="../../d0/df1/class_out_brd_aae382b8a171780c274e67a49328ef4d5_cgraph.png"></imagedata>
            </imageobject>
        </mediaobject>
    </informalfigure>
</para>
Here is the caller graph for this function:<para>
    <informalfigure>
        <mediaobject>
            <imageobject>
                <imagedata width="50%" align="center" valign="middle" scalefit="0" fileref="../../d0/df1/class_out_brd_aae382b8a171780c274e67a49328ef4d5_icgraph.png"></imagedata>
            </imageobject>
        </mediaobject>
    </informalfigure>
</para>
    </section><anchor xml:id="_class_out_brd_1aa9ac410197c494be9af5aa806fcf6ce1"/>    <section>
    <title>fRemain()</title>
<indexterm><primary>fRemain</primary><secondary>OutBrd</secondary></indexterm>
<indexterm><primary>OutBrd</primary><secondary>fRemain</secondary></indexterm>
<para><computeroutput>int OutBrd::fRemain ( )<computeroutput>[inline]</computeroutput></computeroutput></para><para>
Definition at line <link linkend="__out_brd_8h_source_1l00082">82</link> of file <link linkend="__out_brd_8h_source">OutBrd.h</link>.</para>
<para>
References <link linkend="__out_brd_8h_source_1l00025">cell</link>, <link linkend="__gme_brd_8h_source_1l00026">GmeBrd::col</link>, <link linkend="__gme_brd_8h_source_1l00026">GmeBrd::mine</link>, and <link linkend="__gme_brd_8h_source_1l00026">GmeBrd::row</link>.</para>
<para>
Referenced by <link linkend="__game_8h_source_1l00189">Game::gmeOver()</link>.</para>
Here is the caller graph for this function:<para>
    <informalfigure>
        <mediaobject>
            <imageobject>
                <imagedata width="50%" align="center" valign="middle" scalefit="0" fileref="../../d0/df1/class_out_brd_aa9ac410197c494be9af5aa806fcf6ce1_icgraph.png"></imagedata>
            </imageobject>
        </mediaobject>
    </informalfigure>
</para>
    </section><anchor xml:id="_class_out_brd_1af608ac43b10bea381e951393c1b2c9e9"/>    <section>
    <title>loss()</title>
<indexterm><primary>loss</primary><secondary>OutBrd</secondary></indexterm>
<indexterm><primary>OutBrd</primary><secondary>loss</secondary></indexterm>
<para><computeroutput>bool OutBrd::loss (int r, int c)</computeroutput></para><para>
Definition at line <link linkend="__out_brd_8cpp_source_1l00047">47</link> of file <link linkend="__out_brd_8cpp_source">OutBrd.cpp</link>.</para>
<para>
Referenced by <link linkend="__game_8h_source_1l00189">Game::gmeOver()</link>.</para>
Here is the caller graph for this function:<para>
    <informalfigure>
        <mediaobject>
            <imageobject>
                <imagedata width="50%" align="center" valign="middle" scalefit="0" fileref="../../d0/df1/class_out_brd_af608ac43b10bea381e951393c1b2c9e9_icgraph.png"></imagedata>
            </imageobject>
        </mediaobject>
    </informalfigure>
</para>
    </section><anchor xml:id="_class_out_brd_1a0af7ee8eef4871714011bc8f4e9971a6"/>    <section>
    <title>rdBrd()</title>
<indexterm><primary>rdBrd</primary><secondary>OutBrd</secondary></indexterm>
<indexterm><primary>OutBrd</primary><secondary>rdBrd</secondary></indexterm>
<para><computeroutput>void OutBrd::rdBrd (<link linkend="_class_in_brd">InBrd</link> &amp; a)</computeroutput></para><para>
Definition at line <link linkend="__out_brd_8cpp_source_1l00015">15</link> of file <link linkend="__out_brd_8cpp_source">OutBrd.cpp</link>.</para>
<para>
References <link linkend="__in_brd_8h_source_1l00029">InBrd::c</link>.</para>
<para>
Referenced by <link linkend="__game_8h_source_1l00154">Game::aPlay()</link>, and <link linkend="__game_8h_source_1l00118">Game::play()</link>.</para>
Here is the caller graph for this function:<para>
    <informalfigure>
        <mediaobject>
            <imageobject>
                <imagedata width="50%" align="center" valign="middle" scalefit="0" fileref="../../d0/df1/class_out_brd_a0af7ee8eef4871714011bc8f4e9971a6_icgraph.png"></imagedata>
            </imageobject>
        </mediaobject>
    </informalfigure>
</para>
    </section><anchor xml:id="_class_out_brd_1a4c07c984330c7d56eacb3154f41b731a"/>    <section>
    <title>reveal()</title>
<indexterm><primary>reveal</primary><secondary>OutBrd</secondary></indexterm>
<indexterm><primary>OutBrd</primary><secondary>reveal</secondary></indexterm>
<para><computeroutput>void OutBrd::reveal (int r, int c)<computeroutput>[inline]</computeroutput></computeroutput></para><para>
Definition at line <link linkend="__out_brd_8h_source_1l00034">34</link> of file <link linkend="__out_brd_8h_source">OutBrd.h</link>.</para>
<para>
References <link linkend="__gme_brd_8h_source_1l00024">GmeBrd::c</link>, <link linkend="__out_brd_8h_source_1l00025">cell</link>, and <link linkend="__cell_8h_source_1l00036">Cell::setHddn()</link>.</para>
<para>
Referenced by <link linkend="__game_8h_source_1l00154">Game::aPlay()</link>, and <link linkend="__game_8h_source_1l00118">Game::play()</link>.</para>
Here is the call graph for this function:<para>
    <informalfigure>
        <mediaobject>
            <imageobject>
                <imagedata width="50%" align="center" valign="middle" scalefit="0" fileref="../../d0/df1/class_out_brd_a4c07c984330c7d56eacb3154f41b731a_cgraph.png"></imagedata>
            </imageobject>
        </mediaobject>
    </informalfigure>
</para>
Here is the caller graph for this function:<para>
    <informalfigure>
        <mediaobject>
            <imageobject>
                <imagedata width="50%" align="center" valign="middle" scalefit="0" fileref="../../d0/df1/class_out_brd_a4c07c984330c7d56eacb3154f41b731a_icgraph.png"></imagedata>
            </imageobject>
        </mediaobject>
    </informalfigure>
</para>
    </section><anchor xml:id="_class_out_brd_1af35a0c9f121c0b2dddf81e88304343b7"/>    <section>
    <title>spcOpn()</title>
<indexterm><primary>spcOpn</primary><secondary>OutBrd</secondary></indexterm>
<indexterm><primary>OutBrd</primary><secondary>spcOpn</secondary></indexterm>
<para><computeroutput>bool OutBrd::spcOpn (int r, int c)<computeroutput>[inline]</computeroutput></computeroutput></para><para>
Definition at line <link linkend="__out_brd_8h_source_1l00043">43</link> of file <link linkend="__out_brd_8h_source">OutBrd.h</link>.</para>
<para>
References <link linkend="__gme_brd_8h_source_1l00024">GmeBrd::c</link>, and <link linkend="__out_brd_8h_source_1l00025">cell</link>.</para>
<para>
Referenced by <link linkend="__game_8h_source_1l00154">Game::aPlay()</link>, and <link linkend="__game_8h_source_1l00118">Game::play()</link>.</para>
Here is the caller graph for this function:<para>
    <informalfigure>
        <mediaobject>
            <imageobject>
                <imagedata width="50%" align="center" valign="middle" scalefit="0" fileref="../../d0/df1/class_out_brd_af35a0c9f121c0b2dddf81e88304343b7_icgraph.png"></imagedata>
            </imageobject>
        </mediaobject>
    </informalfigure>
</para>
    </section><anchor xml:id="_class_out_brd_1ab33baa2658c6ccd009b3043fe389d0c4"/>    <section>
    <title>unflag()</title>
<indexterm><primary>unflag</primary><secondary>OutBrd</secondary></indexterm>
<indexterm><primary>OutBrd</primary><secondary>unflag</secondary></indexterm>
<para><computeroutput>void OutBrd::unflag (int r, int c)<computeroutput>[inline]</computeroutput></computeroutput></para><para>
Definition at line <link linkend="__out_brd_8h_source_1l00040">40</link> of file <link linkend="__out_brd_8h_source">OutBrd.h</link>.</para>
<para>
References <link linkend="__gme_brd_8h_source_1l00024">GmeBrd::c</link>, <link linkend="__out_brd_8h_source_1l00025">cell</link>, and <link linkend="__cell_8h_source_1l00037">Cell::setFlgd()</link>.</para>
<para>
Referenced by <link linkend="__game_8h_source_1l00154">Game::aPlay()</link>, and <link linkend="__game_8h_source_1l00118">Game::play()</link>.</para>
Here is the call graph for this function:<para>
    <informalfigure>
        <mediaobject>
            <imageobject>
                <imagedata width="50%" align="center" valign="middle" scalefit="0" fileref="../../d0/df1/class_out_brd_ab33baa2658c6ccd009b3043fe389d0c4_cgraph.png"></imagedata>
            </imageobject>
        </mediaobject>
    </informalfigure>
</para>
Here is the caller graph for this function:<para>
    <informalfigure>
        <mediaobject>
            <imageobject>
                <imagedata width="50%" align="center" valign="middle" scalefit="0" fileref="../../d0/df1/class_out_brd_ab33baa2658c6ccd009b3043fe389d0c4_icgraph.png"></imagedata>
            </imageobject>
        </mediaobject>
    </informalfigure>
</para>
    </section><anchor xml:id="_class_out_brd_1a3b1441409df7b1460bdc5b57734b1064"/>    <section>
    <title>win()</title>
<indexterm><primary>win</primary><secondary>OutBrd</secondary></indexterm>
<indexterm><primary>OutBrd</primary><secondary>win</secondary></indexterm>
<para><computeroutput>bool OutBrd::win (int r, int c)<computeroutput>[inline]</computeroutput></computeroutput></para><para>
Definition at line <link linkend="__out_brd_8h_source_1l00058">58</link> of file <link linkend="__out_brd_8h_source">OutBrd.h</link>.</para>
<para>
References <link linkend="__out_brd_8h_source_1l00025">cell</link>, <link linkend="__gme_brd_8h_source_1l00026">GmeBrd::col</link>, <link linkend="__gme_brd_8h_source_1l00058">GmeBrd::getMine()</link>, and <link linkend="__gme_brd_8h_source_1l00026">GmeBrd::row</link>.</para>
<para>
Referenced by <link linkend="__game_8h_source_1l00189">Game::gmeOver()</link>.</para>
Here is the call graph for this function:<para>
    <informalfigure>
        <mediaobject>
            <imageobject>
                <imagedata width="50%" align="center" valign="middle" scalefit="0" fileref="../../d0/df1/class_out_brd_a3b1441409df7b1460bdc5b57734b1064_cgraph.png"></imagedata>
            </imageobject>
        </mediaobject>
    </informalfigure>
</para>
Here is the caller graph for this function:<para>
    <informalfigure>
        <mediaobject>
            <imageobject>
                <imagedata width="50%" align="center" valign="middle" scalefit="0" fileref="../../d0/df1/class_out_brd_a3b1441409df7b1460bdc5b57734b1064_icgraph.png"></imagedata>
            </imageobject>
        </mediaobject>
    </informalfigure>
</para>
</section>
</section>
<section>
<title>Member Data Documentation</title>
<anchor xml:id="_class_out_brd_1a433ae12184330fe2b4ee5b89b4322eb7"/>    <section>
    <title>cell</title>
<indexterm><primary>cell</primary><secondary>OutBrd</secondary></indexterm>
<indexterm><primary>OutBrd</primary><secondary>cell</secondary></indexterm>
<para><computeroutput><link linkend="_class_cell">Cell</link>** OutBrd::cell<computeroutput>[private]</computeroutput></computeroutput></para><para>
Definition at line <link linkend="__out_brd_8h_source_1l00025">25</link> of file <link linkend="__out_brd_8h_source">OutBrd.h</link>.</para>
<para>
Referenced by <link linkend="__out_brd_8h_source_1l00077">ckFlg()</link>, <link linkend="__out_brd_8h_source_1l00037">flag()</link>, <link linkend="__out_brd_8h_source_1l00082">fRemain()</link>, <link linkend="__out_brd_8h_source_1l00034">reveal()</link>, <link linkend="__out_brd_8h_source_1l00043">spcOpn()</link>, <link linkend="__out_brd_8h_source_1l00040">unflag()</link>, and <link linkend="__out_brd_8h_source_1l00058">win()</link>.</para>
</section>
<para>
The documentation for this class was generated from the following files:</para>
<link linkend="__out_brd_8h">OutBrd.h</link><link linkend="__out_brd_8cpp">OutBrd.cpp</link></section>
</section>
