<?xml version='1.0' encoding='UTF-8' standalone='no'?>
<section xmlns="http://docbook.org/ns/docbook" version="5.0" xmlns:xlink="http://www.w3.org/1999/xlink" xml:id="__game_8h">
<title>Game.h File Reference</title>
<indexterm><primary>Game.h</primary></indexterm>
<programlisting>#include &lt;iostream&gt;
#include &lt;string&gt;
#include &quot;InBrd.h&quot;
#include &quot;OutBrd.h&quot;
#include &quot;Player.h&quot;
</programlisting>Include dependency graph for Game.h:<para>
    <informalfigure>
        <mediaobject>
            <imageobject>
                <imagedata width="50%" align="center" valign="middle" scalefit="0" fileref="../../db/d9c/_game_8h__incl.png"></imagedata>
            </imageobject>
        </mediaobject>
    </informalfigure>
</para>
This graph shows which files directly or indirectly include this file:<para>
    <informalfigure>
        <mediaobject>
            <imageobject>
                <imagedata width="50%" align="center" valign="middle" scalefit="0" fileref="../../d5/d97/_game_8h__dep__incl.png"></imagedata>
            </imageobject>
        </mediaobject>
    </informalfigure>
</para>
<simplesect>
    <title>Classes    </title>
        <itemizedlist>
            <listitem><para>class <link linkend="_class_game">Game</link></para>
</listitem>
        </itemizedlist>
</simplesect>
<simplesect>
    <title>Macros    </title>
        <itemizedlist>
            <listitem><para>#define <link linkend="__game_8h_1a57ea2f3b1bafe4de806492ca9ce85116">GAME_H</link></para>
</listitem>
        </itemizedlist>
</simplesect>
<section>
<title>Macro Definition Documentation</title>
<anchor xml:id="__game_8h_1a57ea2f3b1bafe4de806492ca9ce85116"/>    <section>
    <title>GAME_H</title>
<indexterm><primary>GAME_H</primary><secondary>Game.h</secondary></indexterm>
<indexterm><primary>Game.h</primary><secondary>GAME_H</secondary></indexterm>
<para><computeroutput>#define GAME_H</computeroutput></para><para>
Definition at line <link linkend="__game_8h_source_1l00018">18</link> of file <link linkend="__game_8h_source">Game.h</link>.</para>
</section>
</section>
</section>
