<?xml version='1.0' encoding='UTF-8' standalone='no'?>
<section xmlns="http://docbook.org/ns/docbook" version="5.0" xmlns:xlink="http://www.w3.org/1999/xlink" xml:id="__cell_8h">
<title>Cell.h File Reference</title>
<indexterm><primary>Cell.h</primary></indexterm>
This graph shows which files directly or indirectly include this file:<para>
    <informalfigure>
        <mediaobject>
            <imageobject>
                <imagedata width="50%" align="center" valign="middle" scalefit="0" fileref="../../d4/d30/_cell_8h__dep__incl.png"></imagedata>
            </imageobject>
        </mediaobject>
    </informalfigure>
</para>
<simplesect>
    <title>Classes    </title>
        <itemizedlist>
            <listitem><para>class <link linkend="_class_cell">Cell</link></para>
</listitem>
        </itemizedlist>
</simplesect>
<simplesect>
    <title>Macros    </title>
        <itemizedlist>
            <listitem><para>#define <link linkend="__cell_8h_1a36e1292dd9af86d5b74a92b4a1bad9ba">CELL_H</link></para>
</listitem>
        </itemizedlist>
</simplesect>
<section>
<title>Macro Definition Documentation</title>
<anchor xml:id="__cell_8h_1a36e1292dd9af86d5b74a92b4a1bad9ba"/>    <section>
    <title>CELL_H</title>
<indexterm><primary>CELL_H</primary><secondary>Cell.h</secondary></indexterm>
<indexterm><primary>Cell.h</primary><secondary>CELL_H</secondary></indexterm>
<para><computeroutput>#define CELL_H</computeroutput></para><para>
Definition at line <link linkend="__cell_8h_source_1l00018">18</link> of file <link linkend="__cell_8h_source">Cell.h</link>.</para>
</section>
</section>
</section>
