<?xml version='1.0' encoding='UTF-8' standalone='no'?>
<section xmlns="http://docbook.org/ns/docbook" version="5.0" xmlns:xlink="http://www.w3.org/1999/xlink" xml:id="_annotated">
<title>Class List</title>
Here are the classes, structs, unions and interfaces with brief descriptions:<link linkend="_class_player_1_1_bad_chc">Player::BadChc</link><link linkend="_class_player_1_1_bad_flag">Player::BadFlag</link><link linkend="_class_player_1_1_bad_mns">Player::BadMns</link><link linkend="_class_player_1_1_badrc">Player::Badrc</link><link linkend="_class_player_1_1_bad_r_c">Player::BadRC</link><link linkend="_class_cell">Cell</link><link linkend="_class_game">Game</link><link linkend="_class_gme_brd">GmeBrd</link><link linkend="_class_in_brd">InBrd</link><link linkend="_class_player_1_1_less_tn1">Player::LessTn1</link><link linkend="_class_out_brd">OutBrd</link><link linkend="_class_player">Player</link><link linkend="_class_stats">Stats&lt; T &gt;</link></section>
